mpg,cylinders,displacement,horsepower,weight,acceleration,model year,origin,car name
14.0,8,304.0,150.0,4257.0,15.5,74,1,amc matador (sw)
12.333190162122015,8,311.2646549572727,143.75293904573508,4262.4207437319465,13.219910345036963,71,1,synthetic fury iii 119
28.364761639926137,4,152.30303877880198,95.73782054359097,2877.8388028376085,17.453837582232627,78,1,synthetic starfire sx 35
18.0,6,225.0,95.0,3785.0,19.0,75,1,plymouth fury
41.5,4,98.0,76.0,2144.0,14.7,80,2,vw rabbit
35.63310040087419,4,99.89064810752684,63.84896877926047,2035.1376638937866,17.875770110817637,78,1,synthetic chevette 55
31.0,4,119.0,82.0,2720.0,19.4,82,1,chevy s-10
20.3,5,131.0,103.0,2830.0,15.9,78,2,audi 5000
10.464869250400774,8,421.57758078059476,183.012225015863,4864.203719750746,10.63214304095775,73,1,synthetic country 305
32.4,4,108.0,75.0,2350.0,16.8,81,3,toyota corolla
21.1,4,134.0,95.0,2515.0,14.8,78,3,toyota celica gt liftback
26.0,4,96.0,69.0,2189.0,18.0,72,2,renault 12 (sw)
29.97252191883092,4,143.5699681476845,74.1585075553155,3218.2731880283427,25.0,79,2,synthetic 504 275
16.0,8,302.0,140.0,4141.0,14.0,74,1,ford gran torino
34.20741367159233,4,90.72861787978876,63.94094393797571,1984.7226407585763,19.76547685829986,74,3,synthetic 710 279
12.0,8,383.0,180.0,4955.0,11.5,71,1,dodge monaco (sw)
22.97835736352031,6,253.7114483842014,89.22557960976347,3364.0655017972626,14.283247315071279,71,1,synthetic chevelle malibu 355
30.58763340119441,4,139.64162021728382,85.45146060066516,3040.7597827469276,16.576480954736645,82,1,synthetic mustang gl 156
27.91902139713688,4,143.19742666290188,71.0284443536001,2495.8558561015793,16.545731906141988,74,1,synthetic vega 16
17.0,8,302.0,140.0,3449.0,10.5,70,1,ford torino
24.0,4,119.0,97.0,2545.0,17.0,75,3,datsun 710
28.60392316866324,6,166.40811289029853,108.28265106373112,2522.820849066773,14.115980955120442,73,1,synthetic capri v6 211
27.0,4,151.0,90.0,2950.0,17.3,82,1,chevrolet camaro
15.5,8,318.0,145.0,4140.0,13.7,77,1,dodge monaco brougham
25.0,4,97.5,80.0,2126.0,17.0,72,1,dodge colt hardtop
43.89903305845884,4,77.65992898865814,62.93627111188742,1720.7981368645055,18.608253459195673,77,2,synthetic 5 gtl 95
18.0,6,232.0,100.0,3288.0,15.5,71,1,amc matador
24.0,4,134.0,96.0,2702.0,13.5,75,3,toyota corona
33.8,4,97.0,67.0,2145.0,18.0,80,3,subaru dl
30.9,4,105.0,75.0,2230.0,14.5,78,1,dodge omni
37.761814079890314,4,137.48640713572945,89.68904438486769,2229.484214840374,12.260776116252563,82,1,synthetic rampage 70
36.74015089544518,4,67.94401204124132,77.77860527879463,2001.399910803188,20.394728356003565,74,3,synthetic corolla 1200 233
17.0,8,305.0,130.0,3840.0,15.4,79,1,chevrolet caprice classic
14.5,8,351.0,152.0,4215.0,12.8,76,1,ford gran torino
32.0,4,91.0,67.0,1965.0,15.7,82,3,honda civic (auto)
19.0,6,225.0,95.0,3264.0,16.0,75,1,plymouth valiant custom
16.5,8,351.0,138.0,3955.0,13.2,79,1,mercury grand marquis
13.0,8,302.0,129.0,3169.0,12.0,75,1,ford mustang ii
17.389501030150186,6,275.51976213668763,114.47109612575179,3766.4165553709777,18.710479357731906,75,1,synthetic matador 321
33.50223914004113,4,128.78909193912762,94.11793419885541,2181.4564221688174,15.43820432278332,77,1,synthetic arrow gs 140
23.945111405114854,4,122.69987004807928,91.96572403755563,3288.734555453404,22.405803444761585,76,2,synthetic 504 296
20.51406681083421,6,242.29633639759865,104.80944368726456,3351.3316805964923,14.799694513914845,75,1,synthetic nova 298
33.5,4,151.0,90.0,2556.0,13.2,79,1,pontiac phoenix
30.168208290058764,4,119.69538015017454,85.86439322287723,2238.595224401739,17.495610058226013,74,1,synthetic pinto 272
16.124402523699725,8,400.2290258334131,170.8102941456064,4162.446361668957,13.720954746725162,72,1,synthetic catalina 150
32.0,4,85.0,70.0,1990.0,17.0,76,3,datsun b-210
21.107904430189592,6,246.22199335496387,77.06356036973804,2898.2571728001512,15.815590849150775,73,1,synthetic hornet 276
15.76244716586402,8,321.9557182258372,145.51286358600868,4097.9968051473215,12.661952317704632,77,1,synthetic monaco brougham 157
44.0,4,97.0,52.0,2130.0,24.6,82,2,vw pickup
14.0,8,340.0,160.0,3609.0,8.0,70,1,plymouth 'cuda 340
26.0,4,91.0,70.0,1955.0,20.5,71,1,plymouth cricket
34.78001785838971,4,98.83156207119977,62.71691966745433,2333.045830627542,17.614792258549176,81,1,synthetic escort 2h 258
34.13934939449017,4,70.0409492908533,74.21097445979194,1826.9626569881366,20.641472718039314,74,3,synthetic corolla 1200 225
38.0,6,262.0,85.0,3015.0,17.0,82,1,oldsmobile cutlass ciera (diesel)
18.495582178084675,6,250.8498328256386,96.70280497234425,2981.7184846828886,17.7838287171274,73,1,synthetic nova custom 249
19.855312549569717,8,313.893330155917,157.1974347874774,3802.110852503793,10.226816508439576,70,1,synthetic skylark 320 69
38.0,4,91.0,67.0,1995.0,16.2,82,3,datsun 310 gx
37.0,4,91.0,68.0,2025.0,18.2,82,3,mazda glc custom l
22.0,4,121.0,98.0,2945.0,14.5,75,2,volvo 244dl
12.7530420062444,8,332.8751992948959,128.02312698941853,4027.267611009301,11.188361084437162,71,1,synthetic fury iii 99
19.29476719336227,6,234.51168497042084,96.13454992089858,3500.283542492466,17.184878796406448,78,1,synthetic aspen 259
19.0,6,250.0,88.0,3302.0,15.5,71,1,ford torino 500
20.0,4,97.0,88.0,2279.0,19.0,73,3,toyota carina
20.0,6,232.0,100.0,2914.0,16.0,75,1,amc gremlin
39.2897958054191,4,80.03485505561056,60.80197654097781,1936.1362210950533,14.521725809451882,82,3,synthetic civic (auto) 116
18.5,6,250.0,98.0,3525.0,19.0,77,1,ford granada
14.0,8,455.0,225.0,3086.0,10.0,70,1,buick estate wagon (sw)
16.0,8,318.0,150.0,4498.0,14.5,75,1,plymouth grand fury
21.08461911987098,6,232.46697542320535,89.70885331933043,2744.7019555638967,14.40160722955141,73,1,synthetic hornet 293
27.4,4,121.0,80.0,2670.0,15.0,79,1,amc spirit dl
27.0,4,97.0,60.0,1834.0,19.0,71,2,volkswagen model 111
16.5,8,350.0,180.0,4380.0,12.1,76,1,cadillac seville
19.2,8,305.0,145.0,3425.0,13.2,78,1,chevrolet monte carlo landau
33.16785931393099,4,122.37205557896029,88.44168446554492,3045.0296499741385,14.384085660675554,79,1,synthetic spirit dl 215
35.32436468478565,4,153.56858532535597,94.82457054385577,2508.0952610416853,13.89877330319394,79,1,synthetic phoenix 201
13.0,8,400.0,175.0,5140.0,12.0,71,1,pontiac safari (sw)
31.08758297938897,4,139.8095002493067,73.19796393709221,2579.451697239284,16.83936596769507,79,1,synthetic skylark limited 82
23.93037878300258,6,230.84237955476434,116.1746401031882,3238.2604120275605,15.786634376228177,81,1,synthetic century 142
13.0,8,351.0,158.0,4363.0,13.0,73,1,ford ltd
25.0,4,90.0,71.0,2223.0,16.5,75,2,volkswagen dasher
8.0,8,420.9867922108682,165.53575772046085,4918.384284414786,12.402255452357188,71,1,synthetic safari (sw) 179
15.0,8,429.0,198.0,4341.0,10.0,70,1,ford galaxie 500
21.677929199588917,6,193.28087976320322,106.22819161969227,3069.41150387736,18.788858710999538,78,1,synthetic malibu 278
23.8,4,151.0,85.0,2855.0,17.6,78,1,oldsmobile starfire sx
17.081113732980764,8,308.4397875525303,139.8555559424223,3626.667859023829,14.136614622852942,79,1,synthetic caprice classic 176
16.2,6,163.0,133.0,3410.0,15.8,78,2,peugeot 604sl
19.947856991205438,6,235.8821164032312,112.13434125711399,3505.523898903889,18.074141749981376,76,1,synthetic aspen se 250
20.2,6,200.0,85.0,2965.0,15.8,78,1,ford fairmont (auto)
26.438378187001295,6,194.70507290936197,82.50774184957848,3015.2909331158303,19.57339159410737,76,1,synthetic maverick 23
13.05317656500651,8,323.07628964123217,177.63702139010553,4231.000931851868,17.01909350376991,70,1,synthetic c20 344
22.744443948317475,6,230.31528543840048,98.87398973446125,3354.0214874756093,17.649915976859017,77,1,synthetic skylark 200
21.0,6,231.0,110.0,3039.0,15.0,75,1,buick skyhawk
17.5,8,318.0,140.0,4080.0,13.7,78,1,dodge magnum xe
37.5623057437067,4,105.33615576479183,54.56688650461347,1858.3404018867063,17.123209144504084,81,3,synthetic subaru 228
13.626991809621433,8,452.40172496205423,266.39260367467176,4445.0767922301675,11.249722875957309,70,1,synthetic catalina 291
34.1,4,91.0,68.0,1985.0,16.0,81,3,mazda glc 4
16.0,6,250.0,100.0,3781.0,17.0,74,1,chevrolet chevelle malibu classic
36.144445025175145,4,95.96474942511955,59.91503213273857,2036.5618945979998,18.268516474637295,77,1,synthetic chevette 29
34.237287849088084,4,87.73489187583434,69.48246768207547,2111.981199125881,15.966802846280432,71,2,synthetic 124b 213
24.960927376688744,6,225.0676876549058,103.58659252778529,3421.371963121201,17.175890729416388,76,1,synthetic valiant 186
32.0,4,135.0,84.0,2295.0,11.6,82,1,dodge rampage
29.0,4,90.0,70.0,1937.0,14.2,76,2,vw rabbit
16.0,8,351.0,149.0,4335.0,14.5,77,1,ford thunderbird
23.804822857639508,6,214.0204633187073,92.71540092862841,3525.79114651553,16.933270516660116,78,1,synthetic volare 141
25.5,4,122.0,96.0,2300.0,15.5,77,1,plymouth arrow gs
36.13468745062812,4,115.16315060458253,67.69968948968156,2340.570857511156,13.100601533330837,74,2,synthetic 124 tc 353
16.0,6,258.0,110.0,3632.0,18.0,74,1,amc matador
16.0,8,400.0,180.0,4220.0,11.1,77,1,pontiac grand prix lj
22.0,4,122.0,86.0,2395.0,16.0,72,1,ford pinto (sw)
23.0,4,122.0,86.0,2220.0,14.0,71,1,mercury capri 2000
25.466131940150017,6,249.81476950715353,91.31928794799774,3014.4114969572734,15.371890552897659,75,1,synthetic pacer 37
14.0,8,318.0,150.0,4077.0,14.0,72,1,plymouth satellite custom (sw)
28.864440193468905,4,140.6962005258782,86.1989422177606,2638.3196831223513,17.035280688049927,77,1,synthetic sunbird coupe 193
24.3,4,151.0,90.0,3003.0,20.1,80,1,amc concord
16.5,6,168.0,120.0,3820.0,16.7,76,2,mercedes-benz 280s
30.0,4,79.0,70.0,2074.0,19.5,71,2,peugeot 304
17.7,6,231.0,165.0,3445.0,13.4,78,1,buick regal sport coupe (turbo)
20.895026587789218,6,254.36688278200538,116.67960189624314,3599.0582405252703,19.515645177878483,77,1,synthetic granada 135
12.399619434519625,8,337.9059755957484,134.0962387760361,4445.807328303178,14.897133629832233,77,1,synthetic thunderbird 158
32.9,4,119.0,100.0,2615.0,14.8,81,3,datsun 200sx
26.716045191987618,4,135.0852772257148,100.4442873707579,3334.471417221103,16.52520501861565,76,2,synthetic 245 64
17.5,8,305.0,140.0,4215.0,13.0,76,1,chevrolet chevelle malibu classic
9.495235555394743,8,422.5794458544178,148.6326305081415,4787.086904230912,13.192008408622584,73,1,synthetic impala 7
35.04309787622834,4,69.37170273846536,63.475403749426434,1944.7355425493765,20.470971181976704,71,3,synthetic corolla 1200 93
8.0,8,300.9283346700811,184.077314971281,4791.8325472218785,17.84737472487326,70,1,synthetic 1200d 162
14.450418891023787,8,316.470754902919,163.53622628819164,3490.694644461731,11.817105850529327,76,1,synthetic volare premier v8 144
38.06400200875624,4,96.3805148749746,66.23752282129942,1964.746100631443,15.449345711238657,81,3,synthetic glc 4 280
19.2,6,231.0,105.0,3535.0,19.2,78,1,pontiac phoenix lj
14.0,8,304.0,150.0,3672.0,11.5,73,1,amc matador
29.861680219346425,4,115.43694691157182,92.6485476866791,2486.2312619310155,13.358971437393159,74,3,synthetic civic 264
15.0,8,390.0,190.0,3850.0,8.5,70,1,amc ambassador dpl
39.25431190113102,4,96.8102627865011,62.5529746058044,2135.833241639495,16.94583694638736,82,3,synthetic glc custom 248
26.0,4,98.0,79.0,2255.0,17.7,76,1,dodge colt
38.427975856727194,4,103.81940852433348,71.13554027021326,2071.8366355265794,17.88753010729289,82,1,synthetic lynx l 206
28.0,4,98.0,80.0,2164.0,15.0,72,1,dodge colt (sw)
14.0,8,351.0,153.0,4129.0,13.0,72,1,ford galaxie 500
18.0,6,171.0,97.0,2984.0,14.5,75,1,ford pinto
37.799325022121565,4,137.93235959393454,85.59758324767292,2299.59323024993,11.684087352506507,82,1,synthetic charger 2.2 22
27.415742163255878,4,127.42046988713699,84.92314263890373,2694.108640954692,13.579362048132158,75,3,synthetic corona 172
19.0,4,121.0,112.0,2868.0,15.5,73,2,volvo 144ea
23.0,4,140.0,83.0,2639.0,17.0,75,1,ford pinto
34.2,4,105.0,70.0,2200.0,13.2,79,1,plymouth horizon
33.0,4,91.0,53.0,1795.0,17.4,76,3,honda civic
25.0,4,121.0,115.0,2671.0,13.5,75,2,saab 99le
27.0,4,151.0,90.0,2735.0,18.0,82,1,pontiac phoenix
19.48311912402794,6,242.1453611485065,67.80320360490512,3564.395107375145,22.189408327155657,75,1,synthetic monarch 311
31.658188011605272,6,170.4286029489959,138.666403664855,2697.9838282110004,11.144902369346875,80,3,synthetic 280-zx 10
14.472356782418709,8,390.37517752269173,167.25332327899756,3542.4709476303174,8.092424791434597,70,1,synthetic monte carlo 164
28.4,4,151.0,90.0,2670.0,16.0,79,1,buick skylark limited
25.0,4,140.0,92.0,2572.0,14.9,76,1,capri ii
22.0,6,146.0,97.0,2815.0,14.5,77,3,datsun 810
23.2,4,156.0,105.0,2745.0,16.7,78,1,plymouth sapporo
18.0,6,250.0,105.0,3459.0,16.0,75,1,chevrolet nova
39.4,4,85.0,70.0,2070.0,18.6,78,3,datsun b210 gx
20.0,4,140.0,90.0,2408.0,19.5,72,1,chevrolet vega
19.1,6,225.0,90.0,3381.0,18.7,80,1,dodge aspen
15.803593610119288,8,350.40871803200474,171.36360793268835,3960.7968806337244,11.28004757576408,73,1,synthetic omega 255
29.789706874375565,4,128.72497284755008,86.63896979169527,2680.171416336827,16.88820208596922,75,2,synthetic 100ls 332
30.0,4,146.0,67.0,3250.0,21.8,80,2,mercedes-benz 240d
32.64242410298944,4,85.80847959709403,68.99469240561744,2034.263474798198,21.494871458910605,71,2,synthetic 304 38
25.44249155977456,5,177.4642434778001,73.7111745316189,3341.1886994073698,19.17942342970061,79,2,synthetic benz 300d 87
43.006280734433126,4,98.57277096329011,48.136613671620964,2159.0538344000825,21.359585532271495,78,2,synthetic rabbit custom diesel 168
20.0,6,198.0,95.0,3102.0,16.5,74,1,plymouth duster
15.19458402249299,8,408.204240313591,182.9203238941572,4838.508666443216,10.715991735752889,77,1,synthetic cordoba 339
35.77321749549985,4,76.99891935091375,73.822651640525,2002.2889544951372,18.487112124574196,74,3,synthetic b210 330
37.608762486886675,4,68.02564091266201,70.78184200179473,1520.245604896612,18.897091048968726,71,3,synthetic 1200 299
36.0,4,98.0,70.0,2125.0,17.3,82,1,mercury lynx l
19.2,8,267.0,125.0,3605.0,15.0,79,1,chevrolet malibu classic (sw)
28.0,4,97.0,75.0,2155.0,16.4,76,3,toyota corolla
17.0,6,250.0,100.0,3329.0,15.5,71,1,chevrolet chevelle malibu
15.5,8,400.0,190.0,4325.0,12.2,77,1,chrysler cordoba
10.742374067284722,8,446.7697216381451,208.05980227335075,4325.7551689737265,10.316633765450195,70,1,synthetic catalina 106
21.54655583521113,6,277.82685693553765,106.01502048939592,3133.1400802655858,18.26482318876899,76,1,synthetic pacer d/l 254
24.551907147380145,6,222.03220743055442,102.95000627266,2655.283821314396,15.922372816372635,73,1,synthetic gremlin 3
35.11234352512057,4,98.45142062632713,63.4445536623786,1984.2225639876792,16.582705216228305,77,3,synthetic accord cvcc 84
22.22043836410944,6,258.62630530955016,114.16316734264178,3452.3727193330196,17.56986215984154,77,1,synthetic concours 229
17.5,6,258.0,95.0,3193.0,17.8,76,1,amc pacer d/l
25.0,4,113.0,95.0,2228.0,14.0,71,3,toyota corona
34.86946343234963,4,90.05589352247249,51.36341235498215,2090.9831039706905,21.107430648284815,76,1,synthetic chevette 316
30.0,4,97.0,67.0,1985.0,16.4,77,3,subaru dl
16.09011635526238,8,301.19009207411204,141.82884546715272,4129.906544505967,12.364786703189798,72,1,synthetic matador (sw) 4
11.268372028163423,8,355.0438336040807,151.8705608501924,4492.415552402896,13.57427577727871,72,1,synthetic lesabre custom 322
34.1,4,86.0,65.0,1975.0,15.2,79,3,maxda glc deluxe
21.881610017937817,6,270.13671243764867,105.9472687863533,3075.392988787727,12.534109388770512,71,1,synthetic mustang 126
31.50980923481836,4,129.39859051951126,93.63108830306585,2043.2865567511985,14.295521260676647,71,1,synthetic capri 2000 357
31.07785313320594,4,139.41585851741385,84.90248656011086,2318.0358398890703,14.055391767669686,78,1,synthetic fairmont (man) 287
32.1,4,98.0,70.0,2120.0,15.5,80,1,chevrolet chevette
33.5,4,98.0,83.0,2075.0,15.9,77,1,dodge colt m/m
15.0,8,318.0,150.0,3399.0,11.0,73,1,dodge dart custom
24.5,4,151.0,88.0,2740.0,16.0,77,1,pontiac sunbird coupe
31.0,4,79.0,67.0,1950.0,19.0,74,3,datsun b210
28.3330980069864,6,210.14030026092462,107.00180982266039,2975.8096263528782,17.090503132705383,73,1,synthetic duster 219
30.35767172435058,4,111.71254427747198,74.7121314152707,2481.351456180901,16.292993247605533,74,1,synthetic pinto 108
19.038454942326656,8,309.5552119841711,188.14624415241042,3828.2960315415035,10.930652053389073,73,1,synthetic matador 169
28.0,4,97.0,92.0,2288.0,17.0,72,3,datsun 510 (sw)
18.50809101692125,6,249.98259185695815,113.28354506247045,3788.3182532339606,19.54335383781904,75,1,synthetic chevelle malibu 207
20.5,6,225.0,100.0,3430.0,17.2,78,1,plymouth volare
28.275922344882147,4,102.34511936658322,75.90903040148841,2234.0333846472727,16.81590661708213,76,1,synthetic colt 242
36.1,4,91.0,60.0,1800.0,16.4,78,3,honda civic cvcc
22.038536312781776,6,259.8105504576017,102.17895804219393,3210.175535539127,14.071239221001807,71,1,synthetic chevelle malibu 134
16.0,6,250.0,105.0,3897.0,18.5,75,1,chevroelt chevelle malibu
27.8029461181842,4,148.890317283345,75.36930876166714,3066.7356257050965,21.220415263008622,80,2,synthetic 240d 166
22.5,6,232.0,90.0,3085.0,17.6,76,1,amc hornet
43.1,4,90.0,48.0,1985.0,21.5,78,2,volkswagen rabbit custom diesel
25.0,4,116.0,81.0,2220.0,16.9,76,2,opel 1900
31.51944167452453,4,100.54425725202243,80.42978371839214,2280.340557020446,15.605311440812168,72,3,synthetic 510 (sw) 65
34.3714018897221,4,95.6075794998971,84.26406124979732,2091.350785290369,15.870884497766946,71,2,synthetic 124b 154
20.0,6,156.0,122.0,2807.0,13.5,73,3,toyota mark ii
14.0,8,318.0,150.0,4096.0,13.0,71,1,plymouth fury iii
11.0,8,400.0,150.0,4997.0,14.0,73,1,chevrolet impala
34.05706237601417,4,86.51648447598296,67.46074552913588,2100.9420747507315,20.89901811111617,71,2,synthetic 304 341
25.81704680234974,6,206.08608108528784,99.75064752948597,3085.750471243666,15.41611833112624,73,1,synthetic duster 136
34.2844639535862,4,145.52359007612438,102.80750560948186,2730.3946639734263,15.06789798928632,82,3,synthetic celica gt 188
15.038339403986862,8,294.0472270294733,124.28229313422798,3871.8677725444913,12.707485591854468,76,1,synthetic matador 34
13.0,8,302.0,130.0,3870.0,15.0,76,1,ford f108
11.0,8,429.0,208.0,4633.0,11.0,72,1,mercury marquis
24.0,4,120.0,97.0,2489.0,15.0,74,3,honda civic
23.164058770916533,6,218.2299830540573,97.09391481944955,2864.0690849754374,14.311795274494187,74,1,synthetic hornet 232
9.542792794831506,8,339.6854094540412,160.74221978366023,4336.188895534251,12.97495899211849,75,1,synthetic grand fury 100
13.0,8,350.0,175.0,4100.0,13.0,73,1,buick century 350
30.819000578497562,4,91.01115652847932,83.65382874711746,2208.2906577695294,16.091408532782076,77,3,synthetic corolla liftback 202
37.33585536378624,4,133.29915269710352,85.0252200813286,2544.3717987996893,10.66434081875252,82,1,synthetic charger 2.2 58
15.0,8,350.0,145.0,4440.0,14.0,75,1,chevrolet bel air
18.0,4,121.0,112.0,2933.0,14.5,72,2,volvo 145e (sw)
22.3,4,140.0,88.0,2890.0,17.3,79,1,ford fairmont 4
21.5,4,121.0,110.0,2600.0,12.8,77,2,bmw 320i
23.0,6,198.0,95.0,2904.0,16.0,73,1,plymouth duster
36.35895875324776,4,66.92032580998155,55.07772185122861,1762.6385714748844,17.672856862285446,71,3,synthetic corolla 1200 234
17.0,6,163.0,125.0,3140.0,13.6,78,2,volvo 264gl
33.0,4,105.0,74.0,2190.0,14.2,81,2,volkswagen jetta
26.0,4,97.0,46.0,1950.0,21.0,73,2,volkswagen super beetle
22.0,6,250.0,105.0,3353.0,14.5,76,1,chevrolet nova
34.0,4,108.0,70.0,2245.0,16.9,82,3,toyota corolla
21.107161406808927,6,226.52514042542614,71.29346007377747,3730.6383420493676,21.397040288270013,76,1,synthetic granada ghia 266
8.0,8,406.0943415950886,137.52019072511405,5184.500231272243,14.921753422063391,73,1,synthetic impala 0
25.8,4,156.0,92.0,2620.0,14.4,81,1,dodge aries wagon (sw)
36.20490678117529,4,88.59562436316446,70.82487132000183,1968.6696765843412,13.396016178727466,78,2,synthetic scirocco 346
20.19761345675272,6,199.01133633788274,95.4130872489669,3695.716385633945,19.610983076383093,75,1,synthetic fury 78
24.0,4,121.0,110.0,2660.0,14.0,73,2,saab 99le
33.28920321011863,4,123.39950540019062,80.95270710331157,2631.203404325599,20.144765116486866,82,1,synthetic s-10 113
21.6,4,121.0,115.0,2795.0,15.7,78,2,saab 99gle
34.5,4,105.0,70.0,2150.0,14.9,79,1,plymouth horizon tc3
25.0,4,104.0,95.0,2375.0,17.5,70,2,saab 99e
15.423075378967862,8,330.35966745938174,155.21719289359942,3705.962925948196,12.382904906048465,73,1,synthetic coronet custom 51
24.0,4,90.0,75.0,2108.0,15.5,74,2,fiat 128
8.0,8,384.11727419949153,181.1549124842379,5274.716275602882,12.232070310635986,71,1,synthetic safari (sw) 77
15.953828630583653,8,336.97853529251637,123.95261508245505,3768.0455063757217,13.724213176249995,76,1,synthetic coronet brougham 256
21.272058512637393,6,244.65742613340024,96.78809844807081,2965.70079738854,18.35611739583866,76,1,synthetic pacer d/l 122
20.2,8,302.0,139.0,3570.0,12.8,78,1,mercury monarch ghia
29.57976595589013,6,162.0803325648855,110.25892746514775,2865.171400315326,10.64708673874007,81,1,synthetic citation 315
27.2,4,119.0,97.0,2300.0,14.7,78,3,datsun 510
38.0,4,105.0,63.0,2125.0,14.7,82,1,plymouth horizon miser
31.0,4,76.0,52.0,1649.0,16.5,74,3,toyota corona
28.0,4,112.0,88.0,2605.0,19.6,82,1,chevrolet cavalier
45.8696996193658,4,81.19367290260888,59.43557688552822,1841.124848001787,15.52200836188659,81,3,synthetic starlet 306
35.0,4,122.0,88.0,2500.0,15.1,80,2,triumph tr7 coupe
15.911826921335551,8,308.7627330023494,114.51175227831638,4210.762106756574,13.591471495069987,78,1,synthetic magnum xe 342
22.0,4,140.0,72.0,2408.0,19.0,71,1,chevrolet vega (sw)
19.975693860065178,8,304.21257537235243,154.03899751926522,3750.0237387692764,9.94074161917214,72,1,synthetic ambassador sst 171
43.561688421566345,4,86.43363376293938,48.10208771069222,2401.6101989691683,24.725578395629732,80,2,synthetic dasher (diesel) 247
34.534567481196284,4,102.70604881000286,84.47485908284727,2376.1768068046695,14.978150904404794,77,1,synthetic opel isuzu deluxe 128
36.94202502850506,4,113.22431787379506,76.75760294098374,2163.3045362089997,16.654400269868322,81,3,synthetic corolla 265
10.0,8,307.0,200.0,4376.0,15.0,70,1,chevy c20
15.0,8,318.0,150.0,4135.0,13.5,72,1,plymouth fury iii
17.940870378180485,8,367.05165214746916,122.89358935503566,3917.5153975931075,12.44254736981574,79,1,synthetic grand marquis 347
38.660334400581704,4,119.4640775837956,76.74971127805193,2174.5933328017527,14.95677098352316,82,3,synthetic stanza xe 334
16.0,6,225.0,105.0,3439.0,15.5,71,1,plymouth satellite custom
29.21485839041632,4,121.77906180478753,84.17135148596307,2603.5643713960426,16.503128407896348,70,2,synthetic 504 6
37.2,4,86.0,65.0,2019.0,16.4,80,3,datsun 310
20.0,4,114.0,91.0,2582.0,14.0,73,2,audi 100ls
22.0,6,198.0,95.0,2833.0,15.5,70,1,plymouth duster
23.7,3,70.0,100.0,2420.0,12.5,80,3,mazda rx-7 gs
13.0,8,400.0,170.0,4746.0,12.0,71,1,ford country squire (sw)
37.7,4,89.0,62.0,2050.0,17.3,81,3,toyota tercel
19.0,6,232.0,90.0,3211.0,17.0,75,1,amc pacer
19.8,6,200.0,85.0,2990.0,18.2,79,1,mercury zephyr 6
26.39327201771254,6,141.41206147000145,103.01007890199529,2809.5757396455397,16.265742762559977,77,3,synthetic 810 251
14.280205506774367,8,363.65035098416007,159.69140081353223,3896.8451887245033,11.046497164886802,73,1,synthetic ambassador brougham 155
13.0,8,440.0,215.0,4735.0,11.0,73,1,chrysler new yorker brougham
44.6,4,91.0,67.0,1850.0,13.8,80,3,honda civic 1500 gl
15.557457665051468,8,305.44624778509746,168.1957092203799,4529.60067676587,13.163821516452355,74,1,synthetic gran torino 45
29.8,4,134.0,90.0,2711.0,15.5,80,3,toyota corona liftback
15.0,6,250.0,72.0,3158.0,19.5,75,1,ford maverick
29.0,4,68.0,49.0,1867.0,19.5,73,2,fiat 128
37.37025534985058,4,97.35742610200361,85.31587193646739,2277.4175531131036,18.211679328836826,77,1,synthetic colt m/m 90
23.737952668713493,6,220.6278767129983,117.41010678578722,3200.052301211389,14.984867343527322,73,1,synthetic valiant 348
24.630291145272096,8,335.4587720939069,131.3512692546201,3281.5843920504108,13.417554292318377,78,1,synthetic monte carlo landau 117
31.731597480680275,4,112.14072078280978,83.50443659218892,2618.9692432628635,16.185327436970532,82,1,synthetic j2000 se hatchback 314
27.0,4,97.0,88.0,2130.0,14.5,70,3,datsun pl510
26.0,4,121.0,113.0,2234.0,12.5,70,2,bmw 2002
31.5,4,89.0,71.0,1990.0,14.9,78,2,volkswagen scirocco
28.0,4,140.0,90.0,2264.0,15.5,71,1,chevrolet vega 2300
15.193250633506993,8,384.03216914758104,146.9769400266691,4424.689484750978,14.264246630126902,77,1,synthetic thunderbird 185
18.0,8,307.0,130.0,3504.0,12.0,70,1,chevrolet chevelle malibu
13.0,8,307.0,130.0,4098.0,14.0,72,1,chevrolet chevelle concours (sw)
29.98089231044993,4,134.33359576775064,80.2683514734492,2367.491316553848,17.39075788766953,74,1,synthetic vega 297
31.671145126189195,4,133.28400572800692,93.27452940749401,2490.520713559784,14.397174667122886,78,1,synthetic fairmont (man) 307
31.72389896291118,4,144.7964144825665,96.01029002307445,2861.2710634942605,11.515301418930495,82,3,synthetic celica gt 231
15.612195203373517,8,344.8200561889316,158.4728796963287,4292.01733656473,13.169808419990005,76,1,synthetic gran torino 5
16.0,8,400.0,230.0,4278.0,9.5,73,1,pontiac grand prix
32.95007391166134,4,119.07788937382789,83.72430108874475,2483.982517569038,18.88698735091958,80,3,synthetic 626 212
24.61694103948424,6,253.4347701502901,98.60661812956035,3190.5964507373496,14.763810418484152,73,1,synthetic hornet 130
37.0,4,119.0,92.0,2434.0,15.0,80,3,datsun 510 hatchback
33.07814963809457,4,124.76512491300498,94.5902434384634,2048.808535006366,13.00655698088841,71,2,synthetic 1900 66
21.0,6,199.0,90.0,2648.0,15.0,70,1,amc gremlin
29.022381814256978,6,174.3856486321927,119.4709133857042,2609.778684285449,12.893768068649301,81,1,synthetic citation 91
18.5,6,250.0,110.0,3645.0,16.2,76,1,pontiac ventura sj
20.0,4,130.0,102.0,3150.0,15.7,76,2,volvo 245
30.0,4,135.0,84.0,2385.0,12.9,81,1,plymouth reliant
31.3,4,120.0,75.0,2542.0,17.5,80,3,mazda 626
31.9984714983219,4,106.07922909591642,71.88071103882493,1916.040781310526,17.352953826143512,82,3,synthetic corolla 189
24.358113552082816,4,117.5739157607349,106.40355346239198,3058.026040920652,15.858364590994,73,2,synthetic 144ea 300
28.0,4,151.0,90.0,2678.0,16.5,80,1,chevrolet citation
16.57533850660352,6,262.6036366630287,122.87706544273215,3508.2956903687887,18.149130461442834,75,1,synthetic matador 25
25.864312131654625,6,213.8207457492088,103.10779360681232,2402.2322712965074,13.684134783910265,71,1,synthetic gremlin 331
30.0,4,98.0,68.0,2155.0,16.5,78,1,chevrolet chevette
18.287410693450312,8,291.363337882313,141.9483482763063,3746.944580821731,13.708994144205572,77,1,synthetic caprice classic 226
46.6,4,86.0,65.0,2110.0,17.9,80,3,mazda glc
15.53331417691911,8,360.33887051161923,175.10581920599918,3693.8048082086048,14.624336536714171,79,1,synthetic country squire (sw) 323
38.1,4,89.0,60.0,1968.0,18.8,80,3,toyota corolla tercel
25.4,5,183.0,77.0,3530.0,20.1,79,2,mercedes benz 300d
38.29110267477546,4,95.84485734172287,76.33774206234412,2213.3993859251127,15.18580809598617,80,2,synthetic 4000 52
12.60127163797528,8,401.35826338338666,240.0855621854164,4469.569961544938,8.171684649228244,73,1,synthetic grand prix 302
20.6,6,225.0,110.0,3360.0,16.6,79,1,dodge aspen 6
29.14187129389765,4,120.32088976093141,80.82503927728945,2565.4459560535365,15.791547823430365,74,3,synthetic civic 260
26.0,4,108.0,93.0,2391.0,15.5,74,3,subaru
41.92325537214601,4,80.53928223601402,58.47584677248988,1742.0619215096808,18.77893063475758,81,3,synthetic starlet 180
29.8,4,89.0,62.0,1845.0,15.3,80,2,vokswagen rabbit
12.0,8,350.0,180.0,4499.0,12.5,73,1,oldsmobile vista cruiser
28.668866948014387,4,147.01930477713222,78.22869262202354,2711.9832994559724,16.816138241692617,74,1,synthetic vega 43
15.0,8,350.0,145.0,4082.0,13.0,73,1,chevrolet monte carlo s
25.5,4,140.0,89.0,2755.0,15.8,77,1,ford mustang ii 2+2
29.9,4,98.0,65.0,2380.0,20.7,81,1,ford escort 2h
27.0,4,112.0,88.0,2640.0,18.6,82,1,chevrolet cavalier wagon
28.0,4,116.0,90.0,2123.0,14.0,71,2,opel 1900
36.1,4,98.0,66.0,1800.0,14.4,78,1,ford fiesta
37.3,4,91.0,69.0,2130.0,14.7,79,2,fiat strada custom
39.26693859922763,4,87.70925133626726,62.19838914838773,2088.3465002474395,16.14859450594516,81,3,synthetic 210 mpg 107
33.0,4,91.0,53.0,1795.0,17.5,75,3,honda civic cvcc
29.5,4,97.0,71.0,1825.0,12.2,76,2,volkswagen rabbit
14.0,8,351.0,148.0,4657.0,13.5,75,1,ford ltd
29.0,4,97.0,78.0,1940.0,14.5,77,2,volkswagen rabbit custom
22.05220924652349,6,225.81195277288919,96.70689342227033,2813.4600356621,12.053066692213687,71,1,synthetic gremlin 125
33.7520233195356,4,125.22333365651836,83.87564706404538,2770.064433939706,19.110639642594734,80,3,synthetic 626 198
21.482250328618434,6,224.50009311332602,110.32451009856939,3500.4835119384998,18.14220082616105,78,1,synthetic volare 244
22.644429815811964,6,207.95900877232268,101.30132014010199,3330.0723503021472,14.202096203211525,75,1,synthetic valiant custom 274
23.9,8,260.0,90.0,3420.0,22.2,79,1,oldsmobile cutlass salon brougham
33.86934306886476,4,103.96635008180448,68.31229822159244,2204.4338691289176,12.88331382638265,78,1,synthetic omni 214
39.78316974162826,4,85.63099645797398,72.37686244062151,1917.9949402497614,16.452428503223885,81,3,synthetic glc 4 262
27.2,4,141.0,71.0,3190.0,24.8,79,2,peugeot 504
19.0,6,232.0,100.0,2634.0,13.0,71,1,amc gremlin
29.670598922167844,4,137.06805879252474,106.05406925814876,2219.221177861768,21.22117944666347,72,1,synthetic vega 282
26.5,4,140.0,72.0,2565.0,13.6,76,1,ford pinto
19.0,6,232.0,100.0,2901.0,16.0,74,1,amc hornet
23.0,4,115.0,95.0,2694.0,15.0,75,2,audi 100ls
30.667597051133924,4,110.20915266522918,110.7358654812129,2527.695045349614,11.653262501954543,77,2,synthetic 320i 153
20.255813920248855,8,339.7916017189647,144.1916384211279,3780.184307092887,10.998521713054213,73,1,synthetic dart custom 191
30.5,4,98.0,63.0,2051.0,17.0,77,1,chevrolet chevette
18.0,3,70.0,90.0,2124.0,13.5,73,3,maxda rx3
13.0,8,360.0,175.0,3821.0,11.0,73,1,amc ambassador brougham
27.0,4,140.0,86.0,2790.0,15.6,82,1,ford mustang gl
25.0,4,110.0,87.0,2672.0,17.5,70,2,peugeot 504
40.59181996226013,4,100.56735967554408,84.66377109807581,1859.786021768624,14.964016693581096,79,1,synthetic colt hatchback custom 245
33.55719168211524,4,100.39850731076898,82.02120917250856,2197.097822333694,18.551242430691623,72,3,synthetic 510 (sw) 221
9.0,8,304.0,193.0,4732.0,18.5,70,1,hi 1200d
29.5,4,98.0,68.0,2135.0,16.6,78,3,honda accord lx
26.95275053640894,6,150.3803110276647,107.0728081647502,2570.2536264603714,14.17675666416587,73,1,synthetic capri v6 218
17.6,8,302.0,129.0,3725.0,13.4,79,1,ford ltd landau
36.0,4,107.0,75.0,2205.0,14.5,82,3,honda accord
20.6,6,231.0,105.0,3380.0,15.8,78,1,buick century special
27.0,4,101.0,83.0,2202.0,15.3,76,2,renault 12tl
39.29579963921107,4,87.83223516531146,69.21838281035156,2025.2024348370273,18.559211775060156,82,3,synthetic glc custom l 333
23.26726843442851,6,268.72031096391686,98.18885853593602,2901.731630806784,12.947293942488315,71,1,synthetic hornet sportabout (sw) 173
13.0,8,350.0,145.0,4055.0,12.0,76,1,chevy c10
28.644522537740034,4,134.03488835824083,108.40745377369197,3007.603983031917,17.5148675798327,82,1,synthetic fairmont futura 283
12.0,8,429.0,198.0,4952.0,11.5,73,1,mercury marquis brougham
15.5,8,350.0,170.0,4165.0,11.4,77,1,chevrolet monte carlo landau
24.0,6,200.0,81.0,3012.0,17.6,76,1,ford maverick
12.263563262550063,8,347.21426475084894,152.4406588874393,4462.044456945467,15.217452385512535,74,1,synthetic century luxus (sw) 109
31.634193304981707,4,116.6350150847931,81.75026353024815,2244.493407128344,11.784793537808905,74,2,synthetic 124 tc 294
29.93707816961521,4,142.1196876093421,84.40123732021247,2585.883984880868,14.815986540965133,79,1,synthetic skylark limited 352
36.17568423539607,4,85.35001234360331,52.13474920197928,1804.8408859730173,20.49528442769717,75,3,synthetic civic cvcc 210
36.24780455868667,4,87.14724577976912,61.47537745523397,2082.697167675885,18.40528031575117,74,3,synthetic 710 252
36.4928001103419,4,114.1346628911993,69.47489761314523,2450.4647706049304,17.552200657569536,81,3,synthetic corolla 151
11.0,8,318.0,210.0,4382.0,13.5,70,1,dodge d200
24.643999789365434,8,327.6754893415864,95.48038740237075,3553.7520117321997,19.661223789591507,81,1,synthetic cutlass ls 14
36.0,4,79.0,58.0,1825.0,18.6,77,2,renault 5 gtl
19.4,8,318.0,140.0,3735.0,13.2,78,1,dodge diplomat
22.0,6,225.0,100.0,3233.0,15.4,76,1,plymouth valiant
15.071345256376686,8,432.33748796997213,232.4108989379589,4063.5986225302377,9.427031244623297,73,1,synthetic grand prix 192
38.23233976328841,4,84.4454361578327,72.01828560655187,2011.8896700551904,16.317632640975777,78,2,synthetic scirocco 24
19.0,3,70.0,97.0,2330.0,13.5,72,3,mazda rx2 coupe
16.9,8,350.0,155.0,4360.0,14.9,79,1,buick estate wagon (sw)
23.786679270017547,6,233.12586795118656,113.08632360888947,3471.690501362752,16.23576557931585,77,1,synthetic skylark 230
37.26830457106881,4,91.56944146996067,71.26444644850224,2065.804550017225,16.12605335929866,78,2,synthetic scirocco 324
39.15968806841938,4,72.83836087249381,70.2938929276968,1634.8031822480714,16.912184966428377,71,3,synthetic 1200 71
24.0,4,107.0,90.0,2430.0,14.5,70,2,audi 100 ls
13.372578500728237,8,362.2357497212197,141.6263361581189,4714.734589544359,13.366381250474106,75,1,synthetic ltd 337
19.99246460575731,6,202.9658462955334,104.89651793939379,3573.0822540418953,16.380549768821297,74,1,synthetic satellite sebring 175
41.286692182402945,4,96.16493369901703,61.312179448871696,2142.2925131674065,15.303222778968697,82,1,synthetic horizon miser 12
19.01736903363797,6,246.29286308081612,100.53236652687363,3212.913804611669,16.573698569035418,71,1,synthetic chevelle malibu 63
24.0,4,140.0,92.0,2865.0,16.4,82,1,ford fairmont futura
26.6,4,151.0,84.0,2635.0,16.4,81,1,buick skylark
13.076632761775567,8,290.8801297653533,130.61209992815188,3845.508048369918,13.487735677753713,76,1,synthetic d100 133
17.5,8,305.0,145.0,3880.0,12.5,77,1,chevrolet caprice classic
26.0,4,97.0,75.0,2265.0,18.2,77,3,toyota corolla liftback
17.5,6,250.0,110.0,3520.0,16.4,77,1,chevrolet concours
29.46879075512083,4,144.51299455975445,84.21485545860273,2814.3354414709984,14.929699812510435,77,1,synthetic sunbird coupe 209
15.5,8,351.0,142.0,4054.0,14.3,79,1,ford country squire (sw)
39.38667546621209,4,76.6383992975457,69.34060957995804,1616.0024250074,17.88811647588225,71,3,synthetic 1200 227
15.0,6,258.0,110.0,3730.0,19.0,75,1,amc matador
28.885251053733224,4,120.90043156955781,90.2561933565693,2567.5736555875505,18.442897415829602,75,3,synthetic 710 131
29.0,4,135.0,84.0,2525.0,16.0,82,1,dodge aries se
34.4,4,98.0,65.0,2045.0,16.2,81,1,ford escort 4w
13.750373954165743,8,279.78615996078815,145.6341450858209,3641.1589694440236,14.635426131013938,74,1,synthetic gran torino 328
29.791461841616982,3,77.1137678658286,112.78514950272512,2706.7690226157656,15.478044051939412,77,3,synthetic rx-4 54
37.2693330862529,4,93.18465248543183,58.50945223086039,2077.0482692946493,16.508950778800088,81,3,synthetic glc 4 56
18.6,6,225.0,110.0,3620.0,18.7,78,1,dodge aspen
38.83305315415998,4,99.92020493356277,54.10560057205201,1716.6120199958564,18.104686767170456,78,3,synthetic civic cvcc 239
31.0,4,71.0,65.0,1773.0,19.0,71,3,toyota corolla 1200
13.047433709936143,8,381.3149962585814,138.61199184186003,4551.44408118826,12.701042046958166,73,1,synthetic ltd 60
24.24860695659027,6,220.9000696620248,74.3024875356758,3387.0959306251675,18.69393543935833,80,1,synthetic aspen 205
12.0,8,455.0,225.0,4951.0,11.0,73,1,buick electra 225 custom
31.870331996281756,4,148.95449261730855,83.31127799665983,2554.096177009456,14.168281161727199,79,1,synthetic skylark limited 286
28.39485762091115,4,127.95038790681691,103.15448073887418,2754.006875520902,13.351977186713105,75,3,synthetic corona 33
37.993057294606174,4,85.38938617804766,68.19933518823652,1804.096178956162,15.37491170796785,79,3,synthetic glc deluxe 129
13.0,8,360.0,170.0,4654.0,13.0,73,1,plymouth custom suburb
30.997947630289563,4,98.26194377182563,59.42798958082598,2290.5440275371984,21.82362045353551,76,1,synthetic woody 329
28.071223309520303,4,92.95977189443934,84.07358863203369,2232.4641159243242,19.05131289356462,73,3,synthetic carina 178
31.6,4,120.0,74.0,2635.0,18.3,81,3,mazda 626
28.631635756587926,4,126.2374907309333,86.74016658070872,2385.276910332051,18.488610877116187,73,1,synthetic pinto 281
12.490128553077996,8,340.64080158117525,144.24262709996776,3918.168826349524,11.553222905088084,71,1,synthetic impala 338
27.300138876697545,6,145.172892144459,83.46277327196228,2443.062083591832,13.815383555280905,73,1,synthetic capri v6 304
21.5,3,80.0,110.0,2720.0,13.5,77,3,mazda rx-4
32.4,4,107.0,72.0,2290.0,17.0,80,3,honda accord
21.89795994212074,6,211.32122710382853,96.24139405875555,3475.205837926143,16.19219333186271,79,1,synthetic aspen 6 143
25.4,6,168.0,116.0,2900.0,12.6,81,3,toyota cressida
14.0,8,454.0,220.0,4354.0,9.0,70,1,chevrolet impala
16.924714270759022,8,292.35294449152553,133.98444092655555,4344.127639000471,13.621181417571359,73,1,synthetic gran torino 11
29.157066338669196,4,147.91708462065864,79.93361044944828,2722.315282627993,18.091079553653564,82,1,synthetic camaro 217
36.331002148641836,4,69.32608693355267,66.3713294626539,1777.651181674281,18.61141232288127,71,3,synthetic corolla 1200 57
29.52656180220082,4,122.6580707104925,106.05734925972885,2115.7401527782235,14.14196277269484,77,1,synthetic arrow gs 76
25.888942741177722,6,213.29388068447773,103.79757670770562,3211.809842916329,13.426283519736362,76,1,synthetic valiant 86
25.559048121014285,6,214.98659197472927,97.59226661286189,3012.585361470623,14.233943946157572,75,1,synthetic skyhawk 318
13.0,8,350.0,165.0,4274.0,12.0,72,1,chevrolet impala
35.82244779892996,4,127.89293505274834,81.75245452176851,2689.1306300807437,16.65257387102623,82,1,synthetic aries se 61
20.500229249194767,8,478.0392848554011,227.79772789803238,3140.2760138159974,10.037208743304507,70,1,synthetic estate wagon (sw) 53
14.0,8,400.0,175.0,4385.0,12.0,72,1,pontiac catalina
31.261252865482426,4,106.98952869384736,92.52902063461087,2587.912123782534,18.593331329530468,82,1,synthetic cavalier wagon 39
14.0,8,350.0,165.0,4209.0,12.0,71,1,chevrolet impala
24.912132868621974,6,218.9696628432243,119.72117709554226,3344.593479071042,14.232972645587859,81,1,synthetic century 195
26.0,4,122.0,80.0,2451.0,16.5,74,1,ford pinto
21.423806747605965,6,226.42421299062408,104.8636128601056,3271.2244099725917,17.30451032339832,79,1,synthetic aspen 6 343
24.307979530731902,8,320.39065363952915,104.85247225758945,3556.9236985948946,18.544686551577037,81,1,synthetic cutlass ls 132
29.0,4,97.0,75.0,2171.0,16.0,75,3,toyota corolla
10.874021692135967,8,326.19502540612285,200.29734669242507,4661.231385231825,12.906929778067111,70,1,synthetic d200 120
14.0,8,440.0,215.0,4312.0,8.5,70,1,plymouth fury iii
31.93060829778539,6,170.81257548935076,114.94800127284753,2548.981040953432,12.911017193854944,81,1,synthetic citation 270
14.0,8,400.0,175.0,4464.0,11.5,71,1,pontiac catalina brougham
24.03890696914327,6,237.80926653371122,95.33273812284123,3409.951107861325,18.012362436957282,77,1,synthetic skylark 187
28.538401269049807,4,125.49668773578081,114.77975756108573,2571.4872089306036,14.227518096605383,73,2,synthetic 99le 8
13.0,8,400.0,150.0,4464.0,12.0,73,1,chevrolet caprice classic
15.0,8,400.0,150.0,3761.0,9.5,70,1,chevrolet monte carlo
18.163722178315812,6,264.43348078979943,91.45670734349875,3721.955585531971,21.656693856480334,75,1,synthetic matador 301
36.80287959978436,4,93.82738976567119,55.49053080060081,2127.5540800215585,16.66135784105695,80,3,synthetic dl 47
18.2,8,318.0,135.0,3830.0,15.2,79,1,dodge st. regis
28.0,4,90.0,75.0,2125.0,14.5,74,1,dodge colt
19.689857429689198,8,290.1855133571822,114.01201266127518,3282.8205502685996,9.827360254853245,70,1,synthetic torino 139
25.073997576070276,6,196.4198331192557,101.10724614727738,3426.451440866434,16.43910074940965,78,1,synthetic malibu 85
37.15155768960936,4,96.99335596644862,73.91985884857228,1882.5375829825211,15.247030602557057,79,1,synthetic colt hatchback custom 21
23.1911939703511,6,246.73875221248937,104.58499322424113,3566.7633872617666,18.86040565251977,77,1,synthetic granada 308
27.796961867555567,4,126.6315712694207,131.5378696063957,2739.9515407541485,13.148727721726518,75,2,synthetic 99le 149
24.0,4,116.0,75.0,2158.0,15.5,73,2,opel manta
16.0,6,250.0,100.0,3278.0,18.0,73,1,chevrolet nova custom
10.0,8,360.0,215.0,4615.0,14.0,70,1,ford f250
16.016172904268462,8,341.64963280600523,146.73990739575248,3948.603867752517,12.781202150665989,76,1,synthetic coronet brougham 222
20.0,8,262.0,110.0,3221.0,13.5,75,1,chevrolet monza 2+2
23.0,4,120.0,97.0,2506.0,14.5,72,3,toyouta corona mark ii (sw)
17.6,6,225.0,85.0,3465.0,16.6,81,1,chrysler lebaron salon
18.0,6,225.0,105.0,3613.0,16.5,74,1,plymouth satellite sebring
15.0,8,350.0,165.0,3693.0,11.5,70,1,buick skylark 320
32.07328080630071,4,94.94990842653938,70.24894123090294,2084.7065165646145,16.13143188045241,75,2,synthetic dasher 161
26.0,4,97.0,46.0,1835.0,20.5,70,2,volkswagen 1131 deluxe sedan
27.0,4,97.0,88.0,2130.0,14.5,71,3,datsun pl510
27.2,4,135.0,84.0,2490.0,15.7,81,1,plymouth reliant
36.0,4,120.0,88.0,2160.0,14.5,82,3,nissan stanza xe
29.075620273830804,4,136.64627780361613,79.74481032707394,2732.4433913617145,16.453979813152333,74,1,synthetic vega 137
37.0,4,85.0,65.0,1975.0,19.4,81,3,datsun 210 mpg
28.214282533358602,6,217.84944135983835,104.55630186081619,2855.686753195022,14.68246801187175,82,1,synthetic granada l 326
15.0,8,304.0,150.0,3892.0,12.5,72,1,amc matador (sw)
33.7,4,107.0,75.0,2210.0,14.4,81,3,honda prelude
27.0,4,97.0,88.0,2100.0,16.5,72,3,toyota corolla 1600 (sw)
36.0,4,105.0,74.0,1980.0,15.3,82,2,volkswagen rabbit l
31.9,4,89.0,71.0,1925.0,14.0,79,2,vw rabbit custom
32.0,4,144.0,96.0,2665.0,13.9,82,3,toyota celica gt
17.33671921826762,8,357.0485237204427,161.1803104616419,3986.8855423334594,13.817012021653598,72,1,synthetic galaxie 500 103
32.7,6,168.0,132.0,2910.0,11.4,80,3,datsun 280-zx
34.40775042430499,4,121.24283932488747,88.2545738168413,2452.792572687685,15.981758374016858,78,3,synthetic 510 273
35.0,4,72.0,69.0,1613.0,18.0,71,3,datsun 1200
21.5,6,231.0,115.0,3245.0,15.4,79,1,pontiac lemans v6
29.0,4,90.0,70.0,1937.0,14.0,75,2,volkswagen rabbit
37.324553457503605,4,97.39884527627387,89.6114572023755,2184.8944629104935,17.04175640613127,77,1,synthetic colt m/m 159
34.89183545203987,4,149.3098659325522,91.74597689715279,2578.566075210384,12.198025421256368,79,1,synthetic phoenix 44
24.39958158209136,6,202.23079742625276,105.89243025020691,3169.4373081068234,18.93991001945016,78,1,synthetic malibu 96
15.090698494984586,8,342.8137472916452,188.63451779504362,3954.461100283226,11.078482933276948,73,1,synthetic ambassador brougham 208
39.35219470255655,4,93.03755241108834,68.31701236028883,2039.4623277722644,15.789808490160134,81,3,synthetic glc 4 146
17.36512535771662,8,357.88055236576673,165.0410328624504,3554.5469670857638,11.310157363449244,70,1,synthetic skylark 320 224
37.25967140522592,4,82.13459703767084,66.01091243928883,1902.4887919484352,19.715143123958512,76,3,synthetic b-210 241
30.295352245888996,4,158.27035232803334,82.89873819731521,2623.0349865055246,16.514870669616787,77,1,synthetic sunbird coupe 292
34.7,4,105.0,63.0,2215.0,14.9,81,1,plymouth horizon 4
12.0,8,400.0,167.0,4906.0,12.5,73,1,ford country
37.73126224274736,4,98.05598767224723,77.44217930644714,2210.820162152052,16.413374772575715,80,1,synthetic chevette 74
28.455099699515916,4,120.5563811696234,72.8909808685684,2217.225769379578,19.213793288668693,73,1,synthetic pinto 309
42.23851031005167,4,84.04856490018744,46.13301453811566,2128.808634462726,21.544459402657743,80,2,synthetic rabbit c (diesel) 240
28.20912076046843,4,132.7843724728373,86.89628870773346,2329.0840857235594,13.510690313431631,71,1,synthetic capri 2000 31
31.0,4,79.0,67.0,2000.0,16.0,74,2,fiat x1.9
35.94536448904289,4,102.68657478675885,75.19264604382562,2259.983849416164,13.871039076859457,78,1,synthetic omni 124
33.5,4,85.0,70.0,1945.0,16.8,77,3,datsun f-10 hatchback
38.90392251000951,4,96.80496864677917,68.33498916889324,2160.693828349192,14.810197020150648,79,1,synthetic horizon tc3 102
11.675360872028195,8,347.3308556820837,185.52087164669032,4723.910464342472,11.573780928268892,73,1,synthetic vista cruiser 72
32.0,4,83.0,61.0,2003.0,19.0,74,3,datsun 710
15.0,6,250.0,100.0,3336.0,17.0,74,1,chevrolet nova
15.0,6,250.0,72.0,3432.0,21.0,75,1,mercury monarch
30.5,4,97.0,78.0,2190.0,14.1,77,2,volkswagen dasher
33.70595434042415,4,126.65010987043412,73.78234833794778,2288.229782708619,12.544645630455113,74,2,synthetic 124 tc 263
19.9,8,260.0,110.0,3365.0,15.5,78,1,oldsmobile cutlass salon brougham
21.0,4,140.0,72.0,2401.0,19.5,73,1,chevrolet vega
22.0,6,232.0,112.0,2835.0,14.7,82,1,ford granada l
23.5,6,173.0,110.0,2725.0,12.6,81,1,chevrolet citation
28.709047418356118,4,98.35947773537139,97.11742941253054,2474.2897921161257,13.763094675833509,70,2,synthetic 100 ls 335
18.0,6,258.0,110.0,2962.0,13.5,71,1,amc hornet sportabout (sw)
23.015143731008653,6,259.9168404399991,85.544975491371,2951.161761718017,17.490962142852013,73,1,synthetic maverick 13
21.47013000969417,8,307.3260744616978,136.91361203681342,3188.2006460664998,12.1098419178457,75,1,synthetic mustang ii 199
25.276856713278402,6,214.2741301537562,109.40177374733723,3078.816341644702,14.055320474187859,75,1,synthetic skyhawk 114
43.4,4,90.0,48.0,2335.0,23.7,80,2,vw dasher (diesel)
24.049417168187915,8,358.15810908845293,101.8398183282189,3630.55164152024,18.454247835451003,81,1,synthetic cutlass ls 271
23.0,4,140.0,78.0,2592.0,18.5,75,1,pontiac astro
14.0,8,302.0,140.0,4638.0,16.0,74,1,ford gran torino (sw)
40.2525523180868,4,88.29407497517784,56.863157385983975,1878.3449981678034,16.711081122112198,81,3,synthetic tercel 30
17.0,8,260.0,110.0,4060.0,19.0,77,1,oldsmobile cutlass supreme
19.0,6,225.0,100.0,3630.0,17.7,77,1,plymouth volare custom
18.672834963613383,8,336.72084903474536,144.91777080401124,4435.76264333823,14.120994439230028,78,1,synthetic magnum xe 62
14.36067539860914,8,344.9910983777883,162.4930052985062,4036.068975441301,12.486831359680242,72,1,synthetic impala 127
17.28050711771617,6,232.79515626152565,102.34393928151802,3968.191125141125,19.293790167714604,75,1,synthetic chevelle malibu 237
30.7,6,145.0,76.0,3160.0,19.6,81,2,volvo diesel
16.159476933605166,8,387.1582328926976,135.5112368005218,3702.4699980071373,13.264605692839218,79,1,synthetic grand marquis 181
14.0,8,318.0,150.0,4457.0,13.5,74,1,dodge coronet custom (sw)
19.69276083994636,6,245.93068735600585,109.28314528720291,3876.4970774412177,17.988158832220503,75,1,synthetic chevelle malibu 290
27.511451410865114,6,145.25152764058663,104.32836168339135,2491.242846764492,12.370385769288292,73,3,synthetic mark ii 243
12.44141912784118,8,328.0485055918062,133.14877082291102,4530.772298540903,13.214024327300429,74,1,synthetic coronet custom (sw) 197
20.624272991377257,6,235.364468599209,118.60623833505348,3537.302752536898,15.167376300903541,71,1,synthetic matador 289
35.205168422853866,5,122.5152001165776,59.89051688621258,2946.573027649571,22.690888608689068,80,2,synthetic 5000s (diesel) 257
34.968673577938006,4,137.43760591341152,102.33159983911665,2787.743336957106,14.536983721179698,82,3,synthetic celica gt 285
35.7,4,98.0,80.0,1915.0,14.4,79,1,dodge colt hatchback custom
32.9832254136194,4,96.07900500023342,65.72760642260339,2282.8275622127867,19.03824031293938,81,1,synthetic escort 2h 312
15.0,8,383.0,170.0,3563.0,10.0,70,1,dodge challenger se
33.131674112580605,4,159.54699477752703,73.12105516472153,2882.3253817717896,16.42006961011942,79,1,synthetic skylark limited 325
41.17956291884151,4,95.55794155931436,73.36620649988399,1893.1928538035445,14.090946648977257,82,3,synthetic 310 gx 148
20.5,6,200.0,95.0,3155.0,18.2,78,1,chevrolet malibu
19.0,4,120.0,88.0,3270.0,21.9,76,2,peugeot 504
33.113991335647604,4,91.61932041637465,65.66477009646988,2342.3671315111137,20.675655122776284,81,1,synthetic escort 2h 1
13.0,8,400.0,190.0,4422.0,12.5,72,1,chrysler newport royal
24.5,4,98.0,60.0,2164.0,22.1,76,1,chevrolet woody
10.735994955712147,8,354.8801249813267,151.69581306496923,4428.7792081723965,12.052921989401149,72,1,synthetic impala 174
21.0,6,155.0,107.0,2472.0,14.0,73,1,mercury capri v6
36.4,5,121.0,67.0,2950.0,19.9,80,2,audi 5000s (diesel)
26.4,4,140.0,88.0,2870.0,18.1,80,1,ford fairmont
31.06985428156682,4,98.63723656167483,66.75591293430584,1842.3066359628901,19.85643859505822,71,2,synthetic model 111 40
13.316008664012765,8,407.70075875312205,182.7914681985177,4449.989646677298,13.709461574294098,72,1,synthetic catalina 110
35.1,4,81.0,60.0,1760.0,16.1,81,3,honda civic 1300
34.579291596114345,4,75.84836308370694,69.29298869460463,1992.8016253654173,18.299468528711543,74,3,synthetic b210 268
17.218780816606078,8,325.4678653837258,157.17907409613827,4306.959461971547,14.047230148362733,79,1,synthetic country squire (sw) 115
21.067469733284483,6,152.50750596261665,114.0321442154536,3428.3954239464465,16.365623945116866,78,2,synthetic 264gl 49
20.2,6,232.0,90.0,3265.0,18.2,79,1,amc concord dl 6
20.58046911367432,6,258.6310669258471,101.4110777707731,3486.4194395717177,16.700661241243417,75,1,synthetic nova 15
15.5,8,304.0,120.0,3962.0,13.9,76,1,amc matador
30.202548473644047,4,137.42225730248379,88.3499021904707,3031.15332139458,14.522352070356364,82,1,synthetic mustang gl 50
19.243225642571343,6,221.81854782208984,109.06559901052134,3660.385085331516,19.50740978739392,78,1,synthetic aspen 194
25.343503393596244,8,328.71019738583027,99.36242166986872,3783.1117640764187,20.536565008021906,81,1,synthetic cutlass ls 67
14.0,8,318.0,150.0,4237.0,14.5,73,1,plymouth fury gran sedan
38.29962223938487,4,91.9609637349289,59.52726967435476,1926.3474460948553,18.69509083444718,80,3,synthetic corolla tercel 18
33.844854710614065,6,161.6852508783666,136.1926716481636,2990.837193898593,10.903510175197102,80,3,synthetic 280-zx 182
36.89037794061414,4,105.68346306836824,84.52645456370594,2411.93498193253,15.0700320676584,82,1,synthetic cavalier 2-door 340
12.986160510921698,8,299.33233508131445,140.95766903571146,4037.2828905675074,14.149748110452833,74,1,synthetic matador (sw) 111
29.966401264876417,4,152.49331511866097,92.40667897763339,3044.5271953812135,17.514822064417398,78,1,synthetic starfire sx 83
17.913360304281586,8,346.1985422311731,162.23580348307718,3765.111474610399,12.627954951402288,70,1,synthetic skylark 320 284
13.482737314228391,6,250.36387433220835,105.25970513547468,3874.0835248204153,20.07237582846241,75,1,synthetic chevelle malibu 165
25.0,4,140.0,75.0,2542.0,17.0,74,1,chevrolet vega
21.672181906377723,6,213.8221242972689,94.20525984473439,2859.3415313299693,15.590674054592068,73,1,synthetic hornet 310
19.138963391579544,8,299.4820538094638,124.90659809782743,4014.4514610992856,15.433510263617304,79,1,synthetic caprice classic 170
20.0,6,225.0,100.0,3651.0,17.7,76,1,dodge aspen se
30.0,4,111.0,80.0,2155.0,14.8,77,1,buick opel isuzu deluxe
29.99714654827615,4,109.47877519819131,91.0870782035124,2563.912797877285,17.435789421362887,75,3,synthetic 710 235
32.23764373346025,4,138.21293516718904,102.31159646888692,3018.3791718385437,14.381672020353411,80,3,synthetic corona liftback 351
21.61081014826209,8,303.4221641793079,152.88618642920483,3030.8775005006078,11.46373833593286,78,1,synthetic futura 277
23.353762779470756,4,111.13885309892561,95.51324581266677,3215.801683862099,23.608670217537117,76,2,synthetic 504 89
33.306689483485535,4,83.57215564418348,74.69857741517924,2001.6178071947577,20.81336018707398,74,3,synthetic b210 183
35.47766581714576,4,97.67047094548461,75.31755592493484,1845.915537888,12.65267525858365,76,2,synthetic rabbit 79
31.51701248327188,4,133.8619745528269,82.37409663976302,2407.0677387604924,15.254216157984722,75,1,synthetic pinto 48
26.290826429549824,6,163.75826970213498,112.25668895608405,2545.9556950184556,14.509267361879571,73,1,synthetic capri v6 220
20.8,6,200.0,85.0,3070.0,16.7,78,1,mercury zephyr
25.139631911517416,6,239.6925195942018,101.75506001091085,3166.573613135726,16.59257922944456,76,1,synthetic valiant 36
28.128507050212477,4,139.61545593657956,85.06798448004224,2755.8843592902094,16.658816074098777,75,1,synthetic astro 320
31.279361026531987,4,142.76948930318704,74.799044288811,3271.366445230886,22.194057184390434,80,2,synthetic 240d 105
40.568001104011095,4,95.9380558702289,68.96460834279155,1966.4466888278198,16.71479696693606,82,3,synthetic 310 gx 98
32.994779765034025,4,123.9609734398133,88.09404309572818,2800.0486834659446,16.05196819162698,82,1,synthetic mustang gl 68
22.0,4,121.0,76.0,2511.0,18.0,72,2,volkswagen 411 (sw)
39.795280725688315,4,72.78882775371723,47.491812878190466,1677.4126743966672,16.93806843969176,74,3,synthetic corona 160
23.963471255390118,6,175.1929149001546,87.42721844238184,3349.4902801047,14.660835286351798,78,1,synthetic malibu 261
41.13245385369485,4,107.11152455735423,78.84880089331772,2214.525594718437,17.489357147507654,80,2,synthetic rabbit 267
17.0,8,304.0,150.0,3672.0,11.5,72,1,amc ambassador sst
34.07368809977967,4,149.7708675754238,105.09119100162316,2475.472088625239,15.562441085088901,79,1,synthetic skylark limited 295
13.0,8,318.0,150.0,3940.0,13.2,76,1,plymouth volare premier v8
14.0,8,455.0,225.0,4425.0,10.0,70,1,pontiac catalina
21.0,4,120.0,87.0,2979.0,19.5,72,2,peugeot 504 (sw)
23.621442693651293,6,223.700637607887,97.97712023529539,3224.3178234714824,17.25103760144301,73,1,synthetic valiant 253
23.0,4,97.0,54.0,2254.0,23.5,72,2,volkswagen type 3
29.07823753496253,4,154.59903097211463,106.65291921191843,2857.6175332510406,16.239716569669476,78,1,synthetic sapporo 80
31.246730289741595,4,92.319183703173,50.86702340120555,2493.878538845443,22.148818912675885,72,2,synthetic type 3 32
38.0,4,91.0,67.0,1965.0,15.0,82,3,honda civic
15.732623654298667,8,299.14241045186026,133.41808482373781,3940.031878735231,16.386694738304577,76,1,synthetic f108 88
42.438958232414116,4,84.68283463755121,57.59702954765578,2186.9178944728237,17.068282432112284,81,3,synthetic tercel 104
32.70157003720265,4,125.45286520753329,70.42015473161331,2852.439393753554,19.411246833722867,82,1,synthetic s-10 327
32.2,4,108.0,75.0,2265.0,15.2,80,3,toyota corolla
34.0,4,112.0,88.0,2395.0,18.0,82,1,chevrolet cavalier 2-door
39.046360741869066,4,83.39280914533259,71.75598714848753,1939.818932857684,20.401546141978304,81,3,synthetic 210 mpg 20
26.0,4,97.0,78.0,2300.0,14.5,74,2,opel manta
15.0,8,318.0,150.0,3777.0,12.5,73,1,dodge coronet custom
44.3,4,90.0,48.0,2085.0,21.7,80,2,vw rabbit c (diesel)
27.9,4,156.0,105.0,2800.0,14.4,80,1,dodge colt
21.0,4,122.0,86.0,2226.0,16.5,72,1,ford pinto runabout
26.20347852457266,6,203.47708452450956,82.23186799281778,2947.4876062130056,18.4361048773552,79,1,synthetic zephyr 6 94
36.0,4,135.0,84.0,2370.0,13.0,82,1,dodge charger 2.2
33.50074178762421,4,101.56665191553965,92.2572997016414,2531.832377999167,16.526681855067164,70,2,synthetic 100 ls 27
39.91928956936521,4,97.76127983054242,61.54774417285364,1690.3068245618736,13.51482241413582,78,1,synthetic fiesta 41
31.8,4,85.0,65.0,2020.0,19.2,79,3,datsun 210
35.09201053652913,4,89.72175339650808,61.503801715110434,1931.6222238740538,17.810227092497612,77,3,synthetic dl 336
23.0,8,350.0,125.0,3900.0,17.4,79,1,cadillac eldorado
34.3,4,97.0,78.0,2188.0,15.8,80,2,audi 4000
12.285371293123228,8,321.3436315282698,141.42148125722989,4344.45634970353,13.691129097912482,72,1,synthetic satellite custom (sw) 303
19.0,6,250.0,100.0,3282.0,15.0,71,1,pontiac firebird
13.0,8,350.0,145.0,3988.0,13.0,73,1,chevrolet malibu
22.0,4,108.0,94.0,2379.0,16.5,73,3,datsun 610
20.2,6,200.0,88.0,3060.0,17.1,81,1,ford granada gl
18.0,6,199.0,97.0,2774.0,15.5,70,1,amc hornet
30.148499858481397,4,109.92925038018062,113.39515409308025,2423.5772745955887,14.412449099648036,70,3,synthetic corona mark ii 101
29.0,4,85.0,52.0,2035.0,22.2,76,1,chevrolet chevette
21.17730645612972,4,122.71523051387754,90.25878151012523,3309.0112293168004,24.31871865816058,76,2,synthetic 504 319
31.912520692951812,4,113.94501719664207,102.56398640744112,2207.975654890787,16.186650837348925,77,1,synthetic arrow gs 236
36.54591290995439,4,99.07157412397217,72.74057255203816,2067.8626448622113,19.379193064178104,77,3,synthetic accord cvcc 9
8.0,8,386.02798047593285,191.19985040282296,5154.936301851742,10.196003044514624,71,1,synthetic monaco (sw) 147
27.197263499937666,4,101.95106898989648,82.88867918281414,2714.1648284796693,18.977170685588085,70,2,synthetic 504 46
26.0,4,79.0,67.0,1963.0,15.5,74,2,volkswagen dasher
18.0,6,250.0,78.0,3574.0,21.0,76,1,ford granada ghia
23.10356926156939,6,279.09566375432604,103.27664181352523,3017.109487735049,16.128318176939896,76,1,synthetic nova 75
24.0,4,113.0,95.0,2372.0,15.0,70,3,toyota corona mark ii
14.0,8,302.0,137.0,4042.0,14.5,73,1,ford gran torino
27.5,4,134.0,95.0,2560.0,14.2,78,3,toyota corona
18.1,8,302.0,139.0,3205.0,11.2,78,1,ford futura
15.0,8,302.0,130.0,4295.0,14.9,77,1,mercury cougar brougham
18.1,6,258.0,120.0,3410.0,15.1,78,1,amc concord d/l
16.0,8,304.0,150.0,3433.0,12.0,70,1,amc rebel sst
28.1,4,141.0,80.0,3230.0,20.4,81,2,peugeot 505s turbo diesel
17.953623619936433,8,301.4098047663041,112.51696899143597,4047.2426992094915,13.071454314922248,76,1,synthetic matador 97
26.45389221721848,6,155.61216255163507,116.70430489815736,2427.346975469574,14.344993782366865,73,1,synthetic capri v6 223
35.39958726805363,4,105.57776246325272,74.29474699603122,2301.66185414366,12.390995145977412,81,3,synthetic prelude 81
12.773998486753216,8,446.1968884418016,179.5758085854323,4300.553902871056,12.237323893335077,71,1,synthetic catalina brougham 269
29.0,4,98.0,83.0,2219.0,16.5,74,2,audi fox
13.0,8,350.0,155.0,4502.0,13.5,72,1,buick lesabre custom
46.97978226351246,4,85.16401234131463,70.82607593154566,1872.3521182550994,13.206898409854462,80,3,synthetic civic 1500 gl 123
32.3,4,97.0,67.0,2065.0,17.8,81,3,subaru
24.0,4,113.0,95.0,2278.0,15.5,72,3,toyota corona hardtop
28.8,6,173.0,115.0,2595.0,11.3,79,1,chevrolet citation
30.0,4,88.0,76.0,2065.0,14.5,71,2,fiat 124b
16.795584367267608,8,310.1710873231484,148.5447766021737,4233.77897330299,12.348114628962888,74,1,synthetic gran torino 121
23.020258011092743,6,277.11077656480074,112.8615530033994,3269.8063720520004,15.313837644765572,78,1,synthetic concord d/l 73
21.943749260673613,6,234.62759193569616,102.93560339989162,3540.897067380641,13.309534316575334,78,1,synthetic century special 138
26.8,6,173.0,115.0,2700.0,12.9,79,1,oldsmobile omega brougham
35.570895099637355,4,112.94587372872249,67.04164369356262,2268.4690165363177,14.684843722933072,80,3,synthetic corolla 42
27.771575731325147,4,121.25566059696986,97.14766107018666,2463.0038247187017,13.802831034917459,70,3,synthetic corona mark ii 145
24.2,6,146.0,120.0,2930.0,13.8,81,3,datsun 810 maxima
16.0,8,318.0,150.0,4190.0,13.0,76,1,dodge coronet brougham
20.22666944496701,6,253.893160428793,85.1699722358904,3342.301634620326,15.796426364794554,71,1,synthetic torino 500 163
32.0,4,71.0,65.0,1836.0,21.0,74,3,toyota corolla 1200
26.6,8,350.0,105.0,3725.0,19.0,81,1,oldsmobile cutlass ls
32.8,4,78.0,52.0,1985.0,19.4,78,3,mazda glc deluxe
19.4,6,232.0,90.0,3210.0,17.2,78,1,amc concord
28.0,4,120.0,79.0,2625.0,18.6,82,1,ford ranger
16.0,8,400.0,170.0,4668.0,11.5,75,1,pontiac catalina
31.0,4,91.0,68.0,1970.0,17.6,82,3,mazda glc custom
27.82905332561064,6,208.09194731853174,81.61844496940053,2645.081825114953,16.388431514292076,76,1,synthetic maverick 356
22.363227301773325,6,205.61103666668905,113.97556368828067,3440.2249286608217,15.249257757477404,79,1,synthetic aspen 6 190
36.21679572325608,4,90.05752376029005,56.87167747285431,2219.9331749298794,14.43128050341898,80,1,synthetic chevette 317
17.0,6,231.0,110.0,3907.0,21.0,75,1,buick century
25.409032200146257,6,224.6361672979311,101.57527475386125,2857.971942497162,15.450877428323434,82,1,synthetic granada l 313
23.9,4,119.0,97.0,2405.0,14.9,78,3,datsun 200-sx
31.547904221330633,4,137.1188804273385,78.39976162402,2324.3171039697427,13.678258551689753,82,1,synthetic aries se 92
26.0,4,116.0,75.0,2246.0,14.0,74,2,fiat 124 tc
28.63728644390039,4,157.63945471021435,90.28898516091685,2864.425882076863,18.988761166984617,78,1,synthetic starfire sx 2
25.388196201559268,4,148.05693598617395,80.08785973759457,3098.3679146641825,19.787332665182028,80,1,synthetic concord 26
38.46489345589432,4,96.44225791172053,60.491572667118184,2057.190844300276,15.5519765854309,81,1,synthetic escort 4w 184
20.06038324429627,8,293.18655919200353,123.99923773767365,3900.253251860567,14.869896281530915,79,1,synthetic caprice classic 349
33.360049040904904,4,94.74333259969066,85.39432873964142,2064.7034515442456,18.161704832124915,74,2,synthetic fox 288
21.597523951776793,6,230.2129103178677,87.75427794194634,3692.8918871578812,18.611387451518752,76,1,synthetic aspen se 196
18.5,8,360.0,150.0,3940.0,13.0,79,1,chrysler lebaron town @ country (sw)
23.786896506745517,6,185.52887527576914,76.00564263599006,2916.9226119631726,17.167336071039696,78,1,synthetic zephyr 19
23.93663450199968,6,242.23251251926186,108.06008616789246,3604.1477910512253,18.629400925237675,76,1,synthetic aspen se 238
13.0,8,318.0,150.0,3755.0,14.0,76,1,dodge d100
22.4,6,231.0,110.0,3415.0,15.8,81,1,buick century
28.0,4,107.0,86.0,2464.0,15.5,76,2,fiat 131
25.0,6,181.0,110.0,2945.0,16.4,82,1,buick century limited
18.0,6,250.0,88.0,3021.0,16.5,73,1,ford maverick
13.0,8,350.0,150.0,4699.0,14.5,74,1,buick century luxus (sw)
23.0,4,120.0,88.0,2957.0,17.0,75,2,peugeot 504
33.64713828410388,4,96.65720014898746,94.46041214574318,2293.8506514983674,16.08901301985864,72,3,synthetic 510 (sw) 112
15.35921712084738,8,303.77989786736725,146.08485593972352,4489.0581669319035,14.672021874693645,76,1,synthetic coronet brougham 167
17.88255891058851,6,254.24844201490882,107.65480211341202,3529.8798316949974,16.690070828162508,75,1,synthetic nova 204
21.259298248014634,8,297.13895634534117,150.86421170300463,3210.654685686405,13.433117076827218,70,1,synthetic rebel sst 354
14.0,8,351.0,153.0,4154.0,13.5,71,1,ford galaxie 500
39.0,4,86.0,64.0,1875.0,16.4,81,1,plymouth champ
18.0,8,318.0,150.0,3436.0,11.0,70,1,plymouth satellite
43.34855976565925,4,79.69722406442116,59.37341211214814,1722.3644954890567,14.821798131327835,81,3,synthetic starlet 59
12.0,8,350.0,160.0,4456.0,13.5,72,1,oldsmobile delta 88 royale
19.0,6,156.0,108.0,2930.0,15.5,76,3,toyota mark ii
37.85672434896909,4,136.64532924271114,82.98361581386435,2421.262442529549,13.056344000148764,82,1,synthetic charger 2.2 216
24.25614656671479,6,204.14409433275998,78.27114078378332,2648.924138881583,16.096088877352283,78,1,synthetic fairmont (auto) 28
25.1,4,140.0,88.0,2720.0,15.4,78,1,ford fairmont (man)
39.1,4,79.0,58.0,1755.0,16.9,81,3,toyota starlet
36.50924586078156,4,80.92354129910305,64.4840034565134,2001.2494118727689,16.538436257974617,74,2,synthetic x1.9 17
19.0,4,122.0,85.0,2310.0,18.5,73,1,ford pinto
20.5,6,231.0,105.0,3425.0,16.9,77,1,buick skylark
15.590867813574901,8,372.9316254366183,156.57362402290642,4495.3980857189645,15.146459877622794,77,1,synthetic thunderbird 152
13.0,8,302.0,140.0,4294.0,16.0,72,1,ford gran torino (sw)
18.0,6,250.0,88.0,3139.0,14.5,71,1,ford mustang
25.76523665229354,6,194.50447378869916,77.36517466055723,2812.972814381208,18.31020806040794,79,1,synthetic zephyr 6 246
26.0,4,98.0,90.0,2265.0,15.5,73,2,fiat 124 sport coupe
18.0,6,225.0,105.0,3121.0,16.5,73,1,plymouth valiant
20.827441026467717,6,226.09804491557372,92.47575827599027,3533.9370763339693,17.79078811477168,77,1,synthetic volare custom 345
31.5,4,98.0,68.0,2045.0,18.5,77,3,honda accord cvcc
9.272955322873756,8,322.59377500798246,230.9151159612603,4287.493529081723,11.135893647269127,70,1,synthetic d200 177
11.0,8,350.0,180.0,3664.0,11.0,73,1,oldsmobile omega
18.0,6,232.0,100.0,2789.0,15.0,73,1,amc gremlin
30.300491558386845,4,112.92478129396399,97.40486495278246,2510.1525231692412,16.599169958507694,75,3,synthetic 710 203
21.0,6,200.0,85.0,2587.0,16.0,70,1,ford maverick
34.872767724136764,4,129.77205708478456,79.84067916658604,2442.133174689551,15.366484601842357,82,1,synthetic aries se 350
18.0,6,232.0,100.0,2945.0,16.0,73,1,amc hornet
40.8,4,85.0,65.0,2110.0,19.2,80,3,datsun 210
26.0,4,156.0,92.0,2585.0,14.5,82,1,chrysler lebaron medallion
31.0,4,112.0,85.0,2575.0,16.2,82,1,pontiac j2000 se hatchback
13.158076891302995,8,329.5473308149247,151.96851057789874,4729.766525913742,12.823464464598043,77,1,synthetic thunderbird 118
